nome,nota,setor,data_ingestao,link
Symphony (Brazil),5.0,Viveiros_Agricolas,2025-04-08,
Via Energy,5.0,Energia_E_Servicos_Publicos,2025-04-08,
Link Benefícios,5.0,Energia_E_Servicos_Publicos,2025-04-08,
Utilicast,5.0,Energia_E_Servicos_Publicos,2025-04-08,
Terral,5.0,Energia_E_Servicos_Publicos,2025-04-08,
beecrowd,5.0,Recrutamento_E_Terceirizacao,2025-04-08,
SRC Energy,5.0,Energia_E_Servicos_Publicos,2025-04-08,
MZ Promoções,5.0,Recrutamento_E_Terceirizacao,2025-04-08,
I.m.i.s.,5.0,Recrutamento_E_Terceirizacao,2025-04-08,
Grupo Vila Rica Portarias,5.0,Recrutamento_E_Terceirizacao,2025-04-08,
R.H. Personalmanagement,5.0,Recrutamento_E_Terceirizacao,2025-04-08,
Lab Dicas Jornalismo,5.0,Radio_E_Televisao,2025-04-08,
Melhor RH,5.0,Radio_E_Televisao,2025-04-08,
UnivFilms,5.0,Radio_E_Televisao,2025-04-08,
Mais Brasileira Serviços Inteligentes,5.0,Recursos_Humanos_E_Pessoal,2025-04-08,
Workoast,5.0,Recursos_Humanos_E_Pessoal,2025-04-08,
Exprhess,5.0,Recursos_Humanos_E_Pessoal,2025-04-08,
Grupo Assecom,5.0,Recursos_Humanos_E_Pessoal,2025-04-08,
Real Valor Serviços,5.0,Recursos_Humanos_E_Pessoal,2025-04-08,
Finesse Auto,5.0,Reparo_E_Limpeza_De_Veiculos,2025-04-08,
Hidraucambio Lajeado,5.0,Reparo_E_Limpeza_De_Veiculos,2025-04-08,
Bodymotion,5.0,Reparo_E_Limpeza_De_Veiculos,2025-04-08,
Gominha Pneus ltda.,5.0,Reparo_E_Limpeza_De_Veiculos,2025-04-08,
H P Motors,5.0,Reparo_E_Limpeza_De_Veiculos,2025-04-08,
Esaúde Marketing,5.0,Radio_E_Televisao,2025-04-08,
Pardal Vic,5.0,Reparo_Geral_E_Manutencao,2025-04-08,
Sweethome,5.0,Producao_De_Bens_De_Consumo,2025-04-08,
Giratur Transportes,5.0,Entrega_De_Mercadorias,2025-04-08,
Vidranno Temper,5.0,Producao_De_Bens_De_Consumo,2025-04-08,
Tempera Carbone,5.0,Producao_De_Bens_De_Consumo,2025-04-08,
Brastampas,5.0,Producao_De_Bens_De_Consumo,2025-04-08,
Dellas,5.0,Producao_De_Bens_De_Consumo,2025-04-08,
BJ Transportes,5.0,Entrega_De_Mercadorias,2025-04-08,
One Moving & Logistics,5.0,Entrega_De_Mercadorias,2025-04-08,
Parceria,5.0,Entrega_De_Mercadorias,2025-04-08,
Superior Transportes,5.0,Entrega_De_Mercadorias,2025-04-08,
Tradeoffs,5.0,Radio_E_Televisao,2025-04-08,
GREENCAR(Brazil),5.0,Producao_De_Equipamentos_De_Transporte,2025-04-08,
Palmeira Implementos Rodoviários,5.0,Producao_De_Equipamentos_De_Transporte,2025-04-08,
RA Motors,5.0,Producao_De_Equipamentos_De_Transporte,2025-04-08,
Sign Wise,5.0,Producao_De_Equipamentos_De_Transporte,2025-04-08,
Triangulo Pecas e Filtros,5.0,Producao_De_Equipamentos_De_Transporte,2025-04-08,
Lovyca,5.0,Reparo_Geral_E_Manutencao,2025-04-08,
Hop (Brazil),5.0,Tecnologia_Da_Informacao,2025-04-08,
Churrascaria Nova Brasão,5.0,Restaurantes_E_Cafes,2025-04-08,
Churras Express,5.0,Restaurantes_E_Cafes,2025-04-08,
Frango Tambaú,5.0,Restaurantes_E_Cafes,2025-04-08,
Restaurante & Cervejaria Urbano's,5.0,Restaurantes_E_Cafes,2025-04-08,
Grupo Taco,5.0,Restaurantes_E_Cafes,2025-04-08,
Restaurante Terraço,5.0,Restaurantes_E_Servicos_Alimenticios,2025-04-08,
Orgü (Brazil),5.0,Restaurantes_E_Servicos_Alimenticios,2025-04-08,
2G2M,5.0,Restaurantes_E_Servicos_Alimenticios,2025-04-08,
GS Tinturaria,5.0,Restaurantes_E_Servicos_Alimenticios,2025-04-08,
Posto Opção,5.0,Restaurantes_E_Servicos_Alimenticios,2025-04-08,
Coesa,5.0,"Energia,_Mineracao,_Utilitarios",2025-04-08,
Reverde Energia,5.0,"Energia,_Mineracao,_Utilitarios",2025-04-08,
Zylix,5.0,"Energia,_Mineracao,_Utilitarios",2025-04-08,
Mitratech Energia Solar,5.0,"Energia,_Mineracao,_Utilitarios",2025-04-08,
LTrace Geophysical Solutions,5.0,"Energia,_Mineracao,_Utilitarios",2025-04-08,
IEL Unicamp,5.0,Educacao,2025-04-08,
NÚCLEO EDUCACIONAL MACHADO DE ASSIS,5.0,Educacao,2025-04-08,
Multiplus School,5.0,Educacao,2025-04-08,
Colegio Pirlimpimpim Sao Paschoall,5.0,Educacao,2025-04-08,
Colégio Curso Visão,5.0,Educacao,2025-04-08,
Engeserv Serviços,5.0,Reparo_Geral_E_Manutencao,2025-04-08,
GBR tecnologia,5.0,Reparo_Geral_E_Manutencao,2025-04-08,
Gease Serviços,5.0,Reparo_Geral_E_Manutencao,2025-04-08,
Agrobras Agrícola Tropical do Brasil,5.0,Producao_Agricola,2025-04-08,
Mac Ramos,5.0,Producao_Agricola,2025-04-08,
Ciagro Insumos,5.0,Producao_Agricola,2025-04-08,
Sementes Ouro Branco,5.0,Producao_Agricola,2025-04-08,
Sementes Esperança,5.0,Producao_Agricola,2025-04-08,
Giros Filmes,5.0,Producao_Cinematografica,2025-04-08,
Mova,5.0,Producao_Cinematografica,2025-04-08,
Core SWX,5.0,Producao_Cinematografica,2025-04-08,
Oh My,5.0,Producao_Cinematografica,2025-04-08,
JR Media,5.0,Producao_Cinematografica,2025-04-08,
Franzoi Ferramentas,5.0,Fabricacao_De_Maquinas,2025-04-08,
G. Fin Securitizadora,5.0,Processamento_De_Transacões_Financeiras,2025-04-08,
Cefis Pay,5.0,Processamento_De_Transacões_Financeiras,2025-04-08,
Fire Banking,5.0,Processamento_De_Transacões_Financeiras,2025-04-08,
Comadre,5.0,Processamento_De_Transacões_Financeiras,2025-04-08,
DNA Pagamentos,5.0,Processamento_De_Transacões_Financeiras,2025-04-08,
STMIL,5.0,Fabricacao_De_Maquinas,2025-04-08,
Moinhos Vieira,5.0,Fabricacao_De_Maquinas,2025-04-08,
Westaflex,5.0,Fabricacao_De_Maquinas,2025-04-08,
Breathe Equipamentos,5.0,Fabricacao_De_Maquinas,2025-04-08,
Les Cinq Gym,5.0,Esporte_E_Lazer,2025-04-08,
Encopel (Brazil),5.0,Producao_De_Alimentos_E_Bebidas,2025-04-08,
Arajara Park,5.0,Esporte_E_Lazer,2025-04-08,
SK Clube de Tiro,5.0,Esporte_E_Lazer,2025-04-08,
Cervejaria Schornstein,5.0,Producao_De_Alimentos_E_Bebidas,2025-04-08,
Thermas dos Laranjais,5.0,Esporte_E_Lazer,2025-04-08,
TUTTI DELI PRODUTOS ALIMENTICIOS,5.0,Producao_De_Alimentos_E_Bebidas,2025-04-08,
Dreams Park Show,5.0,Esporte_E_Lazer,2025-04-08,
Salva Craft Beer,5.0,Producao_De_Alimentos_E_Bebidas,2025-04-08,
Comfro,5.0,Producao_De_Alimentos_E_Bebidas,2025-04-08,
Cleber Pinheiro Sociedade de Advogados,5.0,Escritorios_De_Advocacia,2025-04-08,
Darcísio Muller Advogados Associados,5.0,Escritorios_De_Advocacia,2025-04-08,
Escritório de advocacia Cicero Paulino,5.0,Escritorios_De_Advocacia,2025-04-08,
Conceito Enfermagem,5.0,Estabelecimentos_De_Cuidados_De_Enfermagem,2025-04-08,
Diogo Veras Musculação & Pilates Especializado,5.0,Estabelecimentos_De_Cuidados_De_Enfermagem,2025-04-08,
BabyCor,5.0,Estabelecimentos_De_Cuidados_De_Enfermagem,2025-04-08,
Feel Home Care,5.0,Estabelecimentos_De_Cuidados_De_Enfermagem,2025-04-08,
Elar saúde,5.0,Estabelecimentos_De_Cuidados_De_Enfermagem,2025-04-08,
Bom,5.0,Pesquisa_E_Desenvolvimento,2025-04-08,
Reinvent Consultoria & RH,5.0,Pesquisa_E_Desenvolvimento,2025-04-08,
Cabanha Azul,5.0,Pecuaria,2025-04-08,
Pescados Fish,5.0,Pesca_E_Aquicultura,2025-04-08,
Senepol (Brazil),5.0,Pecuaria,2025-04-08,
Top Eggs,5.0,Pecuaria,2025-04-08,
Chácara Marujo,5.0,Pecuaria,2025-04-08,
Agroara Agronegocios,5.0,Pecuaria,2025-04-08,
Applied Thermodynamics and Molecular Simulation - ATOMS UFRJ,5.0,Pesquisa_E_Desenvolvimento,2025-04-08,
Zenith Intel,5.0,Pesquisa_E_Desenvolvimento,2025-04-08,
Befective,5.0,Pesquisa_E_Desenvolvimento,2025-04-08,
Gaspar Moreno Consultores Jurídicos,5.0,Escritorios_De_Advocacia,2025-04-08,
Moreira de Almeida Advogados & Associados,5.0,Escritorios_De_Advocacia,2025-04-08,
Gharra,5.0,Producao_De_Artigos_Texteis_E_De_Vestuario,2025-04-08,
Puffão Cia e Sustentabilidade,5.0,Producao_De_Artigos_Texteis_E_De_Vestuario,2025-04-08,
Real Especialidades Têxteis,5.0,Producao_De_Artigos_Texteis_E_De_Vestuario,2025-04-08,
Torcida Baby,5.0,Producao_De_Artigos_Texteis_E_De_Vestuario,2025-04-08,
Curtume Partner,5.0,Producao_De_Artigos_Texteis_E_De_Vestuario,2025-04-08,
Colegio Madre Tereza,5.0,Escolas_De_Ensino_Fundamental_E_Medio,2025-04-08,
Colégio Monteiro Lobato (Brazil),5.0,Escolas_De_Ensino_Fundamental_E_Medio,2025-04-08,
NÚCLEO EDUCACIONAL MACHADO DE ASSIS,5.0,Escolas_De_Ensino_Fundamental_E_Medio,2025-04-08,
Escola Presbiteriana do Gama,5.0,Escolas_De_Ensino_Fundamental_E_Medio,2025-04-08,
Educandário Santa Teresinha,5.0,Escolas_De_Ensino_Fundamental_E_Medio,2025-04-08,
NurseHub,5.0,Servicos_De_Ensino_E_Formacao,2025-04-08,
Transul Emergências Médicas,5.0,Cuidados_De_Saude,2025-04-08,
Falcon Med,5.0,Cuidados_De_Saude,2025-04-08,
Cosimo Cataldo,5.0,Cuidados_De_Saude,2025-04-08,
Endoaccess (Brazil),5.0,Cuidados_De_Saude,2025-04-08,
Consórcio Público de Saúde da Microrregião de Aracati,5.0,Cuidados_De_Saude,2025-04-08,
Fullture,5.0,Servicos_De_Ensino_E_Formacao,2025-04-08,
Bluefields Aceleradora,5.0,Servicos_De_Ensino_E_Formacao,2025-04-08,
CPOR/RJ,5.0,Servicos_De_Ensino_E_Formacao,2025-04-08,
Harve,5.0,Servicos_De_Ensino_E_Formacao,2025-04-08,
MateHackers,5.0,Servicos_De_Apoio_À_Tecnologia_Da_Informacao,2025-04-08,
Inkasa,5.0,Servicos_De_Construcao_E_Recursos_Humanos,2025-04-08,
Imperial Eco Tech,5.0,Servicos_De_Construcao_E_Recursos_Humanos,2025-04-08,
Golf Multiserviços,5.0,Servicos_De_Construcao_E_Recursos_Humanos,2025-04-08,
JRV Services,5.0,Servicos_De_Construcao_E_Recursos_Humanos,2025-04-08,
Multiban Locações de Bens Móveis Eireli,5.0,Servicos_De_Construcao_E_Recursos_Humanos,2025-04-08,
Oki Data do Brasil Informatica Ltda,5.0,Servicos_De_Apoio_À_Tecnologia_Da_Informacao,2025-04-08,
Seek Informática,5.0,Servicos_De_Apoio_À_Tecnologia_Da_Informacao,2025-04-08,
Techvizz,5.0,Servicos_De_Apoio_À_Tecnologia_Da_Informacao,2025-04-08,
Nuclearmidia,5.0,Servicos_De_Apoio_À_Tecnologia_Da_Informacao,2025-04-08,
SST Assessoria e Consultoria de Segurança e Saúde,5.0,Consultoria_Empresarial,2025-04-08,
ConnWare,5.0,Consultoria_Empresarial,2025-04-08,
Confize Soluções Empresariais,5.0,Consultoria_Empresarial,2025-04-08,
Atual Veículos (Brazil),5.0,Consultoria_Empresarial,2025-04-08,
J2 Solutions (Brazil),5.0,Consultoria_Empresarial,2025-04-08,
Ben Fatto,5.0,Tecnologia_Da_Informacao,2025-04-08,
Inspira Tecnologia,5.0,Tecnologia_Da_Informacao,2025-04-08,
Lab2dev,5.0,Tecnologia_Da_Informacao,2025-04-08,
Glow Labs,5.0,Contabilidade_E_Servicos_Fiscais,2025-04-08,
Irhis - Consultoria Júnior EM Psicologia,5.0,Contabilidade_E_Servicos_Fiscais,2025-04-08,
TaxPros & Realty Group,5.0,Contabilidade_E_Servicos_Fiscais,2025-04-08,
Conservadora Predisul,5.0,Contabilidade_E_Servicos_Fiscais,2025-04-08,
Arena PME,5.0,Contabilidade_E_Servicos_Fiscais,2025-04-08,
Fluid API,5.0,Tecnologia_Da_Informacao,2025-04-08,
Protev,5.0,Corretoras_E_Companhias_De_Seguros,2025-04-08,
Elite Rio Saúde,5.0,Corretoras_E_Companhias_De_Seguros,2025-04-08,
INOVA PLANOS CONSULTORIA EM PLANOS,5.0,Corretoras_E_Companhias_De_Seguros,2025-04-08,
Planecorp Consultoria em Planos de Saude,5.0,Corretoras_E_Companhias_De_Seguros,2025-04-08,
Stoica Seguros,5.0,Corretoras_E_Companhias_De_Seguros,2025-04-08,
Nutrik,5.0,Servico_De_Bufe_E_Prestacao_De_Servicos_De_Alimentacao,2025-04-08,
Megusta Gourmet,5.0,Servico_De_Bufe_E_Prestacao_De_Servicos_De_Alimentacao,2025-04-08,
Adial,5.0,Servico_De_Bufe_E_Prestacao_De_Servicos_De_Alimentacao,2025-04-08,
Nutrimed Rio (Brazil),5.0,Servico_De_Bufe_E_Prestacao_De_Servicos_De_Alimentacao,2025-04-08,
Bom Degusty Arte Em Alimentos,5.0,Servico_De_Bufe_E_Prestacao_De_Servicos_De_Alimentacao,2025-04-08,
Triad Proteção,5.0,Seguradoras,2025-04-08,
Autokar Brasil,5.0,Seguradoras,2025-04-08,
Terakai Garantia Motor e Câmbio,5.0,Seguradoras,2025-04-08,
Prevsea Consultoria em Seguros,5.0,Seguradoras,2025-04-08,
WGB Seguro,5.0,Seguradoras,2025-04-08,
Platinum Administradora de Benefícios,5.0,Seguro,2025-04-08,
Luminus Assessoria em Seguros,5.0,Seguro,2025-04-08,
WA Seguros,5.0,Seguro,2025-04-08,
Unicooper,5.0,Seguro,2025-04-08,
Prevencard Saúde,5.0,Seguro,2025-04-08,
Aeroporto Santos Dumont,5.0,"Servicos_Aereos,_De_Aeroportos_E_De_Companhias_Aereas",2025-04-08,
DIX Aeroportos,5.0,"Servicos_Aereos,_De_Aeroportos_E_De_Companhias_Aereas",2025-04-08,
Marlim Aviation,5.0,"Servicos_Aereos,_De_Aeroportos_E_De_Companhias_Aereas",2025-04-08,
NPP GETEK,5.0,Desenvolvimento_De_Hardware,2025-04-08,
Vernum Tecnologia,5.0,Desenvolvimento_De_Hardware,2025-04-08,
Dato,5.0,Desenvolvimento_De_Hardware,2025-04-08,
Fantoo,5.0,Desenvolvimento_De_Hardware,2025-04-08,
ControleNaMão,5.0,Desenvolvimento_De_Hardware,2025-04-08,
ASAP Facilities,5.0,"Servicos_Aereos,_De_Aeroportos_E_De_Companhias_Aereas",2025-04-08,
Dental Pasane,5.0,Drogarias_E_Farmacias,2025-04-08,
Drug Store Popular,5.0,Drogarias_E_Farmacias,2025-04-08,
Smart Laboratório,5.0,Drogarias_E_Farmacias,2025-04-08,
Treemed,5.0,Drogarias_E_Farmacias,2025-04-08,
CLP Tabacos,5.0,Drogarias_E_Farmacias,2025-04-08,
Byte Sistemas,5.0,Desenvolvimento_De_Software,2025-04-08,
Hexa Sistemas,5.0,Desenvolvimento_De_Software,2025-04-08,
ATI Networks,5.0,Desenvolvimento_De_Software,2025-04-08,
Artaxnet,5.0,Desenvolvimento_De_Software,2025-04-08,
Edit Pro,5.0,Desenvolvimento_De_Software,2025-04-08,
New Med Emergencias Medicas LTDA,5.0,Servicos_De_Ambulancia_E_De_Transporte_Medico,2025-04-08,
Mepel (Brazil),5.0,Servicos_De_Apoio_À_Agricultura_E_Silvicultura,2025-04-08,
2Tree Ambiental,5.0,Servicos_De_Apoio_À_Agricultura_E_Silvicultura,2025-04-08,
Solpack Agronet,5.0,Servicos_De_Apoio_À_Agricultura_E_Silvicultura,2025-04-08,
Itacitrus,5.0,Servicos_De_Apoio_À_Agricultura_E_Silvicultura,2025-04-08,
Transul Emergências Médicas,5.0,Servicos_De_Ambulancia_E_De_Transporte_Medico,2025-04-08,
Ipacol Máquinas Agrícolas LTDA,5.0,Servicos_De_Apoio_À_Agricultura_E_Silvicultura,2025-04-08,
CON7 Emergências Médicas,5.0,Servicos_De_Ambulancia_E_De_Transporte_Medico,2025-04-08,
Removida Emergências Medicas,5.0,Servicos_De_Ambulancia_E_De_Transporte_Medico,2025-04-08,
LE Master Metálicas,5.0,"Servicos_Aereos,_De_Aeroportos_E_De_Companhias_Aereas",2025-04-08,
Use Design,5.0,Gerenciamento_E_Consultoria,2025-04-08,
Industria de Papel R Ramenzoni SA,5.0,Gerenciamento_E_Consultoria,2025-04-08,
LZ Mkt e Negócios,5.0,Gerenciamento_E_Consultoria,2025-04-08,
All Pest Control,5.0,Gerenciamento_E_Consultoria,2025-04-08,
GIA Technology,5.0,Gerenciamento_E_Consultoria,2025-04-08,
Nublue,5.0,Internet_E_Servicos_Web,2025-04-08,
Yogh,5.0,Internet_E_Servicos_Web,2025-04-08,
Ololu Plataforma Digital,5.0,Internet_E_Servicos_Web,2025-04-08,
Marfin,5.0,Internet_E_Servicos_Web,2025-04-08,
Locomotive,5.0,Internet_E_Servicos_Web,2025-04-08,
LCR Contadores,5.0,Juridico,2025-04-08,
Neiva de Lima Zanicotti Advogados,5.0,Juridico,2025-04-08,
Yamamoto Advogados Assossiados,5.0,Juridico,2025-04-08,
Irhis - Consultoria Júnior EM Psicologia,5.0,Juridico,2025-04-08,
Conservadora Predisul,5.0,Juridico,2025-04-08,
Laboratório Central (Brazil),5.0,Laboratorios_Clinicos_E_De_Testes_Medicos,2025-04-08,
Santanna Laboratório,5.0,Laboratorios_Clinicos_E_De_Testes_Medicos,2025-04-08,
CDC Laboratório,5.0,Laboratorios_Clinicos_E_De_Testes_Medicos,2025-04-08,
Laboratório João Adroaldo,5.0,Laboratorios_Clinicos_E_De_Testes_Medicos,2025-04-08,
Laboratório Oswaldo Cruz,5.0,Laboratorios_Clinicos_E_De_Testes_Medicos,2025-04-08,
Arsani,5.0,Leilões_E_Galerias,2025-04-08,
Original Lubrificantes (Brazil),5.0,Lojas_De_Acessorios_E_Pecas_Automotivas,2025-04-08,
Original Lubrificantes (Brazil),5.0,Lojas_De_Acessorios_E_Pecas_Automotivas,2025-04-08,
Compeças,5.0,Lojas_De_Acessorios_E_Pecas_Automotivas,2025-04-08,
Priority Componentes Automotivos,5.0,Lojas_De_Acessorios_E_Pecas_Automotivas,2025-04-08,
Fox Pneus,5.0,Lojas_De_Acessorios_E_Pecas_Automotivas,2025-04-08,
Sleepymaggie Photography,5.0,Leilões_E_Galerias,2025-04-08,
Relevo,5.0,Lavanderia_E_Limpeza_A_Seco,2025-04-08,
Alex Fabian’s House of Pancakes,5.0,Lavanderia_E_Limpeza_A_Seco,2025-04-08,
Ecolife Química Brasil,5.0,Lavanderia_E_Limpeza_A_Seco,2025-04-08,
JOGODEOUROBET,5.0,Jogos_De_Azar,2025-04-08,
4bet Poker Team,5.0,Jogos_De_Azar,2025-04-08,
Casa de Apostas,5.0,Jogos_De_Azar,2025-04-08,
Parque Maeda,5.0,Hotel_E_Acomodacões_De_Viagem,2025-04-08,
Empresa Braulino,5.0,Hotel_E_Acomodacões_De_Viagem,2025-04-08,
DIX Aeroportos,5.0,Hotel_E_Acomodacões_De_Viagem,2025-04-08,
Estrela De Minas Transporte E Turismo,5.0,Hotel_E_Acomodacões_De_Viagem,2025-04-08,
Hospital do Rim,5.0,Hospitais_E_Clinicas_De_Saude,2025-04-08,
NANNAI NORONHA,5.0,Hotel_E_Acomodacões_De_Viagem,2025-04-08,
Santa Casa de Misericordia de Leme,5.0,Hospitais_E_Clinicas_De_Saude,2025-04-08,
Santa Casa de Ilhabela,5.0,Hospitais_E_Clinicas_De_Saude,2025-04-08,
Importadora Manaus,5.0,Hipermercados_E_Lojas_Em_Geral,2025-04-08,
Hospital Sobrapar Crânio e Face,5.0,Hospitais_E_Clinicas_De_Saude,2025-04-08,
JDN Clínica Médica,5.0,Hospitais_E_Clinicas_De_Saude,2025-04-08,
Gomes Supermercado,5.0,Hipermercados_E_Lojas_Em_Geral,2025-04-08,
Celisa,5.0,Imobiliaria,2025-04-08,
REOC Partners,5.0,Imobiliaria,2025-04-08,
Neighborhood Nonprofit Housing,5.0,Imobiliaria,2025-04-08,
Eco Vila Incorporadora,5.0,Imobiliaria,2025-04-08,
Elion Partners,5.0,Imobiliaria,2025-04-08,
Empresa de Tecnologia da Informação do Ceará,5.0,Governamental_Ou_Administracao_Publica,2025-04-08,
Centro de Ofertas,5.0,Hipermercados_E_Lojas_Em_Geral,2025-04-08,
Super Silva Supermercados,5.0,Hipermercados_E_Lojas_Em_Geral,2025-04-08,
Viva Supermercados,5.0,Hipermercados_E_Lojas_Em_Geral,2025-04-08,
Paraíso Turist Hotel,5.0,Hoteis_E_Resorts,2025-04-08,
My Mabu,5.0,Hoteis_E_Resorts,2025-04-08,
Transamerica Resort Comandatuba,5.0,Hoteis_E_Resorts,2025-04-08,
Grupo Vila do Farol,5.0,Hoteis_E_Resorts,2025-04-08,
Fazenda Ribeirão Hotel de Lazer,5.0,Hoteis_E_Resorts,2025-04-08,
Elodafé,5.0,Instituicões_Religiosas,2025-04-08,
Inspetoria Salesiana São Pio X,5.0,Instituicões_Religiosas,2025-04-08,
Florianopolis House Of Prayer,5.0,Instituicões_Religiosas,2025-04-08,
Mosteiro Dévakan,5.0,Instituicões_Religiosas,2025-04-08,
Grupo Bom Jesus Assistência Funeral,5.0,Instituicões_Religiosas,2025-04-08,
Saay'S Solucoes Ambientais,5.0,Gestao_De_Residuos,2025-04-08,
HMS Gestão de Resíduos,5.0,Gestao_De_Residuos,2025-04-08,
Fibratec Engenharia,5.0,Gestao_De_Residuos,2025-04-08,
Mensura Serviços Florestais,5.0,Gestao_De_Residuos,2025-04-08,
ReciclaMais,5.0,Gestao_De_Residuos,2025-04-08,
Têxtil RC,5.0,Impressao_Comercial,2025-04-08,
DMD Business Forms & Printing,5.0,Impressao_Comercial,2025-04-08,
BH Gráfica,5.0,Impressao_Comercial,2025-04-08,
Grupo Serwir,5.0,Impressao_Comercial,2025-04-08,
Cia de Tecnologia Digital,5.0,Impressao_Comercial,2025-04-08,
Via Park Estacionamentos,5.0,Gestao_Imobiliaria,2025-04-08,
Vigon Soluções,5.0,Gestao_Imobiliaria,2025-04-08,
Arquipix,5.0,Gestao_Imobiliaria,2025-04-08,
Mrs fênix,5.0,Gestao_Imobiliaria,2025-04-08,
DW Jones Management,5.0,Gestao_Imobiliaria,2025-04-08,
Fundação Espírita Judas Iscariotes,5.0,Instituicões_De_Caridade_E_De_Concessao_De_Bolsas,2025-04-08,
Diocese de Nova Iguaçu,5.0,Instituicões_De_Caridade_E_De_Concessao_De_Bolsas,2025-04-08,
Fundação Fórum Campinas,5.0,Instituicões_De_Caridade_E_De_Concessao_De_Bolsas,2025-04-08,
Fundação São João Batista,5.0,Instituicões_De_Caridade_E_De_Concessao_De_Bolsas,2025-04-08,
Fundacao Benedito Pereira Nunes,5.0,Instituicões_De_Caridade_E_De_Concessao_De_Bolsas,2025-04-08,
Organizacoes Marques Center,5.0,Mercados_E_Mercearias,2025-04-08,
Supermercado Carneiro,5.0,Mercados_E_Mercearias,2025-04-08,
Faculdade Invest de Ciências e Tecnologia,5.0,Faculdades_E_Universidades,2025-04-08,
Hortifruti Imigrantes,5.0,Mercados_E_Mercearias,2025-04-08,
Colégio Gênesis,5.0,Faculdades_E_Universidades,2025-04-08,
Disul Supermercado,5.0,Mercados_E_Mercearias,2025-04-08,
Leve Hortifruti,5.0,Mercados_E_Mercearias,2025-04-08,
Colégio Passionista Mãe da Santa Esperança,5.0,Faculdades_E_Universidades,2025-04-08,
Laboratório de Novas Tecnologias,5.0,Faculdades_E_Universidades,2025-04-08,
Dobra,5.0,Faculdades_E_Universidades,2025-04-08,
MyBankTracker,5.0,Midia_E_Comunicacao,2025-04-08,
Marina Igararecê,5.0,Marine_Transportation,2025-04-08,
Starmar Serviços Marítimos,5.0,Marine_Transportation,2025-04-08,
BC PORT,5.0,Marine_Transportation,2025-04-08,
Navegação Natal,5.0,Marine_Transportation,2025-04-08,
CatSul,5.0,Marine_Transportation,2025-04-08,
BHAZ,5.0,Midia_E_Comunicacao,2025-04-08,
Good Idea TV Global Network,5.0,Midia_E_Comunicacao,2025-04-08,
Brazil Paraiba Mine,5.0,Mineracao_E_Extracao,2025-04-08,
Instituto Minere,5.0,Mineracao_E_Extracao,2025-04-08,
Mundica Metais Minerais,5.0,Mineracao_E_Extracao,2025-04-08,
Imetame Natural Stones,5.0,Mineracao_E_Extracao,2025-04-08,
Mineração Rio do Ouro,5.0,Mineracao_E_Extracao,2025-04-08,
Aruanã FM,5.0,Midia_E_Comunicacao,2025-04-08,
Lab Dicas Jornalismo,5.0,Midia_E_Comunicacao,2025-04-08,
Schumann Peças Agroindustriais,5.0,Manufatura,2025-04-08,
Feaço,5.0,Manufatura,2025-04-08,
Mjl Manutenção Industrial,5.0,Manufatura,2025-04-08,
ATI Elevadores,5.0,Manufatura,2025-04-08,
Grupo Manifarma,5.0,Farmaceutica_E_Biotecnologia,2025-04-08,
Biofontes Farmacia de Manipulacao,5.0,Farmaceutica_E_Biotecnologia,2025-04-08,
Affygility Solutions,5.0,Farmaceutica_E_Biotecnologia,2025-04-08,
Moinho Paquetá,5.0,Manufatura,2025-04-08,
InsilicAll,5.0,Farmaceutica_E_Biotecnologia,2025-04-08,
Rede de Farmácias Princesa,5.0,Farmaceutica_E_Biotecnologia,2025-04-08,
Grupo Macom Instrumental Cirúrgico,5.0,Fabricacao_De_Produtos_Farmaceuticos,2025-04-08,
JC Moreira,5.0,Fabricacao_De_Produtos_Eletronicos,2025-04-08,
Vertical Connect,5.0,Fabricacao_De_Produtos_Eletronicos,2025-04-08,
Mult Light Energia,5.0,Fabricacao_De_Produtos_Eletronicos,2025-04-08,
Certacom,5.0,Fabricacao_De_Produtos_Eletronicos,2025-04-08,
Solis Aquecedor Solar,5.0,Fabricacao_De_Produtos_Eletronicos,2025-04-08,
Casa Ferrari,5.0,Outras_Lojas_Varejistas,2025-04-08,
Tortuga,5.0,Outras_Lojas_Varejistas,2025-04-08,
Grupo Binaural,5.0,Fabricacao_De_Produtos_Farmaceuticos,2025-04-08,
BiO2 Medical,5.0,Fabricacao_De_Produtos_Farmaceuticos,2025-04-08,
Pnfarma,5.0,Fabricacao_De_Produtos_Farmaceuticos,2025-04-08,
Reabilitech Tecnologia em Reabilitação,5.0,Fabricacao_De_Produtos_Farmaceuticos,2025-04-08,
Nissei (Paraguay),5.0,Outras_Lojas_Varejistas,2025-04-08,
EuroGarden,5.0,Outras_Lojas_Varejistas,2025-04-08,
Sulpar,5.0,Outras_Lojas_Varejistas,2025-04-08,
Rede Rogacionista,5.0,Ongs_E_Instituicões_Sem_Fins_Lucrativos,2025-04-08,
Rede Brasileira de Desenvolvimento Social,5.0,Ongs_E_Instituicões_Sem_Fins_Lucrativos,2025-04-08,
Ministério Evangélico Palavra de Vida,5.0,Ongs_E_Instituicões_Sem_Fins_Lucrativos,2025-04-08,
Divino Oleiro,5.0,Ongs_E_Instituicões_Sem_Fins_Lucrativos,2025-04-08,
Instituto Inove,5.0,Ongs_E_Instituicões_Sem_Fins_Lucrativos,2025-04-08,
WS Metais,5.0,Fabricacao_De_Produtos_Minerais_E_Metalicos,2025-04-08,
MGL Mecânica de Precisão,5.0,Fabricacao_De_Produtos_Minerais_E_Metalicos,2025-04-08,
Rhodoss Implementos Rodoviários,5.0,Fabricacao_De_Produtos_Minerais_E_Metalicos,2025-04-08,
Nobre Indústria de Peças,5.0,Fabricacao_De_Produtos_Minerais_E_Metalicos,2025-04-08,
JA Promoções & Eventos,5.0,Organizacao_De_Eventos,2025-04-08,
Funerária Santa Casa de Belo Horizonte,5.0,Organizacao_De_Eventos,2025-04-08,
HN Eventos e Promoções,5.0,Organizacao_De_Eventos,2025-04-08,
Funeraria Paraíso,5.0,Organizacao_De_Eventos,2025-04-08,
Upside Down Entertainment,5.0,Organizacao_De_Eventos,2025-04-08,
Mave,5.0,Fabricacao_De_Produtos_Quimicos,2025-04-08,
Mocelin (Brazil),5.0,Fabricacao_De_Produtos_Quimicos,2025-04-08,
Radex,5.0,Fabricacao_De_Produtos_Quimicos,2025-04-08,
Paolucci Tintas,5.0,Fabricacao_De_Produtos_Quimicos,2025-04-08,
Alkim,5.0,Fabricacao_De_Produtos_Quimicos,2025-04-08,
DNA Alumínio,5.0,Fabricacao_De_Produtos_Minerais_E_Metalicos,2025-04-08,
Foto Imagem,5.0,Fotografia,2025-04-08,
Insane Games,5.0,Lojas_De_Artigos_De_Midia_E_Entretenimento,2025-04-08,
KF Baterias,5.0,Lojas_De_Artigos_Esportivos,2025-04-08,
Kandido Calçados,5.0,Lojas_De_Artigos_Esportivos,2025-04-08,
Softconfort,5.0,Lojas_De_Artigos_Esportivos,2025-04-08,
Pecmotors,5.0,Lojas_De_Artigos_Esportivos,2025-04-08,
Avanti Sports,5.0,Lojas_De_Artigos_Esportivos,2025-04-08,
Datrel Periféricos,5.0,Lojas_De_Artigos_De_Midia_E_Entretenimento,2025-04-08,
Arena Music (Brazil),5.0,Lojas_De_Artigos_De_Midia_E_Entretenimento,2025-04-08,
ABC Music,5.0,Lojas_De_Artigos_De_Midia_E_Entretenimento,2025-04-08,
Mais Batom Makeup,5.0,Lojas_De_Artigos_De_Beleza_E_Acessorios_Pessoais,2025-04-08,
Bellkey Professional,5.0,Lojas_De_Artigos_De_Beleza_E_Acessorios_Pessoais,2025-04-08,
Weareeyes,5.0,Lojas_De_Artigos_De_Beleza_E_Acessorios_Pessoais,2025-04-08,
Intimus Cosméticos,5.0,Lojas_De_Artigos_De_Beleza_E_Acessorios_Pessoais,2025-04-08,
Tomasetto,5.0,Lojas_De_Artigos_De_Beleza_E_Acessorios_Pessoais,2025-04-08,
Estúdio Magda Pinheiro,5.0,Fotografia,2025-04-08,
IUSTI,5.0,Fotografia,2025-04-08,
Taura Crédito,5.0,Financeiro,2025-04-08,
Drummond,5.0,Financeiro,2025-04-08,
Economy Assessoria,5.0,Financeiro,2025-04-08,
Economy Assessoria,5.0,Financeiro,2025-04-08,
15° Cartório De Notas,5.0,Financeiro,2025-04-08,
Ideal Fundo Fotográfico,5.0,Fotografia,2025-04-08,
Pratic Leve,5.0,Lojas_De_Alimentos_E_Bebidas,2025-04-08,
BFS Alimentos,5.0,Lojas_De_Alimentos_E_Bebidas,2025-04-08,
Distribuidora Paraiso,5.0,Lojas_De_Alimentos_E_Bebidas,2025-04-08,
Frango Formoso,5.0,Lojas_De_Alimentos_E_Bebidas,2025-04-08,
Lowçucar,5.0,Lojas_De_Alimentos_E_Bebidas,2025-04-08,
Estrela Assistência Técnica,5.0,Lojas_De_Aparelhos_E_Equipamentos_Eletronicos,2025-04-08,
Gaúcha Distribuidora de Informática,5.0,Lojas_De_Aparelhos_E_Equipamentos_Eletronicos,2025-04-08,
GWR Distribuidora de peças e mandíbula,5.0,Lojas_De_Aparelhos_E_Equipamentos_Eletronicos,2025-04-08,
Merlin Móveis e Electro,5.0,Lojas_De_Aparelhos_E_Equipamentos_Eletronicos,2025-04-08,
SmartCustom,5.0,Lojas_De_Aparelhos_E_Equipamentos_Eletronicos,2025-04-08,
Cedan Rações Indústria e Comércio,5.0,Lojas_De_Animais_De_Estimacao_E_De_Produtos_Para_Animais_De_Estimacao,2025-04-08,
Grupo Carzenne,5.0,Lojas_De_Animais_De_Estimacao_E_De_Produtos_Para_Animais_De_Estimacao,2025-04-08,
Agrofarm,5.0,Lojas_De_Animais_De_Estimacao_E_De_Produtos_Para_Animais_De_Estimacao,2025-04-08,
Dog Minas Triângulo,5.0,Lojas_De_Animais_De_Estimacao_E_De_Produtos_Para_Animais_De_Estimacao,2025-04-08,
SÓ PASSAROS,5.0,Lojas_De_Animais_De_Estimacao_E_De_Produtos_Para_Animais_De_Estimacao,2025-04-08,
Prefeitura Municipal de São Pedro da União,5.0,Agencias_Municipais,2025-04-08,
TSI Terceirização,5.0,Transporte_E_Logistica,2025-04-08,
NC Grupo Empresarial,5.0,"Construcao,_Reparo_E_Servicos_De_Manutencao",2025-04-08,
Chevrolet DM Auto,5.0,Concessionarias_De_Veiculos,2025-04-08,
GTBA Telecom,5.0,Telecomunicacões,2025-04-08,
HB Energy Solutions,5.0,"Construcao,_Reparo_E_Servicos_De_Manutencao",2025-04-08,
Ferreto,5.0,"Construcao,_Reparo_E_Servicos_De_Manutencao",2025-04-08,
D M Sabia,5.0,"Construcao,_Reparo_E_Servicos_De_Manutencao",2025-04-08,
Web Fire Communications,5.0,Telecomunicacões,2025-04-08,
Early Services,5.0,"Construcao,_Reparo_E_Servicos_De_Manutencao",2025-04-08,
Bueno Grupo Logística,5.0,Transporte_E_Logistica,2025-04-08,
Vocom,5.0,Telecomunicacões,2025-04-08,
Fiat Potenza,5.0,Concessionarias_De_Veiculos,2025-04-08,
Sponchiado Jardine Caxias do Sul,5.0,Concessionarias_De_Veiculos,2025-04-08,
Globo Comercio de Veiculos e Pecas,5.0,Concessionarias_De_Veiculos,2025-04-08,
Toyota Kyoto,5.0,Concessionarias_De_Veiculos,2025-04-08,
Secretaria de Saúde de Barra Mansa,5.0,Agencias_Municipais,2025-04-08,
Rede IDL,5.0,Telecomunicacões,2025-04-08,
Prefeitura Municipal de Arroio dos Ratos,5.0,Agencias_Municipais,2025-04-08,
Mix Cargo,5.0,Transporte_E_Logistica,2025-04-08,
Davi Caminhões,5.0,Transporte_E_Logistica,2025-04-08,
Base Telco,5.0,Telecomunicacões,2025-04-08,
GP Transportes,5.0,Transporte_E_Logistica,2025-04-08,
SJMA,5.0,Agencias_Nacionais,2025-04-08,
"Ministério do Desenvolvimento e Assistência Social, Família e Combate à Fome",5.0,Agencias_Nacionais,2025-04-08,
Conselho Federal dos Técnicos Industriais,5.0,Agencias_Nacionais,2025-04-08,
Serviço Autônomo de Água e Esgoto de Bebedouro,5.0,Agencias_Municipais,2025-04-08,
Poder Legislativo,5.0,Agencias_Nacionais,2025-04-08,
38° Batalhão de Infantaria do Exército Brasileiro,5.0,Agencias_Nacionais,2025-04-08,
Conselho Regional de Administração do Rio de Janeiro,5.0,Agencias_Municipais,2025-04-08,
Bloco Base,5.0,Construcao,2025-04-08,
Construtora Cetro,5.0,Construcao,2025-04-08,
Campanelli,5.0,Construcao,2025-04-08,
UpCodes,5.0,Construcao,2025-04-08,
Grupo Gondaski,5.0,Construcao,2025-04-08,
Cabalheiro Consultores,5.0,Consultoria_De_Rh,2025-04-08,
Eescola Tecnica Estadual Conselheiro Antonio Prado,5.0,Biotecnologia,2025-04-08,
I peace,5.0,Biotecnologia,2025-04-08,
Clean Esterilização,5.0,Biotecnologia,2025-04-08,
FG LABORATORIO,5.0,Biotecnologia,2025-04-08,
Barbearia Corleone,5.0,Beleza_E_Bem Estar,2025-04-08,
Plane Jane Salon,5.0,Beleza_E_Bem Estar,2025-04-08,
Angelus Serviços Funerários,5.0,Beleza_E_Bem Estar,2025-04-08,
L`Officiel III,5.0,Beleza_E_Bem Estar,2025-04-08,
Plasticomm Industries,5.0,Beleza_E_Bem Estar,2025-04-08,
Wolbito do Brasil,5.0,Biotecnologia_E_Farmaceutica,2025-04-08,
Floresta Bar,5.0,Bares_E_Casas_Noturnas,2025-04-08,
The Grand Balneário Camboriú,5.0,Bares_E_Casas_Noturnas,2025-04-08,
Unic Recursos Humanos,5.0,Consultoria_De_Rh,2025-04-08,
Farisco RH,5.0,Consultoria_De_Rh,2025-04-08,
Vila JK,5.0,Bares_E_Casas_Noturnas,2025-04-08,
Azzure Club,5.0,Bares_E_Casas_Noturnas,2025-04-08,
Life Drinks e Coquetéis,5.0,Bares_E_Casas_Noturnas,2025-04-08,
Portal do Servidor,5.0,"Artes,_Entretenimento_E_Recreacao",2025-04-08,
Conselho Estadual de Educação de Minas Gerais,5.0,"Artes,_Entretenimento_E_Recreacao",2025-04-08,
CODEG,5.0,"Artes,_Entretenimento_E_Recreacao",2025-04-08,
Prudenprev,5.0,"Artes,_Entretenimento_E_Recreacao",2025-04-08,
Autarquia de Desenvolvimento Sustentável e Limpeza Urbana,5.0,"Artes,_Entretenimento_E_Recreacao",2025-04-08,
Energy Imóveis,5.0,Atacado_E_Distribuicao,2025-04-08,
Drywall Systems,5.0,Atacado_E_Distribuicao,2025-04-08,
ARV Solutions,5.0,Consultoria_De_Rh,2025-04-08,
Somma Imobiliaria,5.0,Atacado_E_Distribuicao,2025-04-08,
5º Ofício Do Registro De Imóveis,5.0,Atacado_E_Distribuicao,2025-04-08,
Interdental,5.0,Clinicas_Dentarias,2025-04-08,
Studio Brudent,5.0,Clinicas_Dentarias,2025-04-08,
Instituto Prado Odontologia Moderna,5.0,Clinicas_Dentarias,2025-04-08,
Top Doctors Odontologia,5.0,Clinicas_Dentarias,2025-04-08,
Brasil Bitcoin,5.0,Bolsa_De_Valores,2025-04-08,
Portodent,5.0,Clubes_E_Servicos_Sociais,2025-04-08,
DentalKids,5.0,Clubes_E_Servicos_Sociais,2025-04-08,
Dental MV,5.0,Clubes_E_Servicos_Sociais,2025-04-08,
Cohen Orthodontics,5.0,Clubes_E_Servicos_Sociais,2025-04-08,
Dental Adelar,5.0,Clubes_E_Servicos_Sociais,2025-04-08,
DentalKids,5.0,Clinicas_Dentarias,2025-04-08,
Nature's Cure,5.0,Biotecnologia_E_Farmaceutica,2025-04-08,
Affygility Solutions,5.0,Biotecnologia_E_Farmaceutica,2025-04-08,
ProThera,5.0,Biotecnologia_E_Farmaceutica,2025-04-08,
Synvista,5.0,Biotecnologia_E_Farmaceutica,2025-04-08,
Bilíngua (Brazil),5.0,Traducao_E_Servicos_Linguisticos,2025-04-08,
Sim Carreira,5.0,Consultoria_De_Rh,2025-04-08,
Dínamo Engenharia e Construção,5.0,Arquitetura_E_Engenharia,2025-04-08,
"Fundação Desenvolvimento da Criança e do Adolescente ""Alice de Almeida""",5.0,Agencias_Estaduais_E_Regionais,2025-04-08,
Global Engenharia (BR),5.0,Arquitetura_E_Engenharia,2025-04-08,
Facilitas Engenharia,5.0,Arquitetura_E_Engenharia,2025-04-08,
BM engenharia (Poços de Caldas),5.0,Arquitetura_E_Engenharia,2025-04-08,
Muse Design,5.0,Arquitetura_E_Engenharia,2025-04-08,
GCS AGROPECUARIA,5.0,Agricultura,2025-04-08,
VMZ Viagens,5.0,Arquitetura,2025-04-08,
Nuntec Agro,5.0,Agricultura,2025-04-08,
Rico Nutrição Animal,5.0,Agricultura,2025-04-08,
Regional Agro,5.0,Agricultura,2025-04-08,
Secretaria de Estado de Fazenda,5.0,Agencias_Estaduais_E_Regionais,2025-04-08,
Mize,5.0,Arquitetura,2025-04-08,
Regional Agro,5.0,Agricultura,2025-04-08,
ATM (Brazil),5.0,Aeroespaco_E_Defesa,2025-04-08,
BR TRIO Eventos & Turismo,5.0,Arquitetura,2025-04-08,
Incomum Viagens,5.0,Arquitetura,2025-04-08,
Viação Calvip,5.0,Arquitetura,2025-04-08,
Defensoria Pública Geral do Estado de Mato Grosso do Sul,5.0,Agencias_Estaduais_E_Regionais,2025-04-08,
Cooper Rádio Táxi,5.0,Aluguel_De_Automoveis_E_Caminhões,2025-04-08,
Poty Rent a Car,5.0,Aluguel_De_Automoveis_E_Caminhões,2025-04-08,
ShalomTur,5.0,Aluguel_De_Automoveis_E_Caminhões,2025-04-08,
Samam Locadora,5.0,Aluguel_De_Automoveis_E_Caminhões,2025-04-08,
IPE Saúde,5.0,Agencias_Estaduais_E_Regionais,2025-04-08,
Polícia Científica,5.0,Agencias_Estaduais_E_Regionais,2025-04-08,
Davi Caminhões,5.0,Aluguel_De_Automoveis_E_Caminhões,2025-04-08,
General Logistics,5.0,Aluguel_De_Produtos_Para_O_Consumidor,2025-04-08,
Virtual Locação,5.0,Aluguel_De_Produtos_Para_O_Consumidor,2025-04-08,
BVT Viagens,5.0,Agencias_De_Viagens,2025-04-08,
Pacto,5.0,Agencias_De_Viagens,2025-04-08,
Bukly Reservation System,5.0,Agencias_De_Viagens,2025-04-08,
ÁGUIA TURISMO,5.0,Agencias_De_Viagens,2025-04-08,
Mike Service,5.0,Agencias_De_Viagens,2025-04-08,
8º Esquadrão de Cavalaria Mecanizado,5.0,Aeroespaco_E_Defesa,2025-04-08,
Gespi,5.0,Aeroespaco_E_Defesa,2025-04-08,
11º Grupo de Artilharia Antiaérea,5.0,Aeroespaco_E_Defesa,2025-04-08,
2º Centro de Geoinformação,5.0,Aeroespaco_E_Defesa,2025-04-08,
Warmane,5.0,Videogames,2025-04-08,
Energy Imóveis,5.0,Agencias_Imobiliarias,2025-04-08,
Somma Imobiliaria,5.0,Agencias_Imobiliarias,2025-04-08,
Drywall Systems,5.0,Agencias_Imobiliarias,2025-04-08,
5º Ofício Do Registro De Imóveis,5.0,Agencias_Imobiliarias,2025-04-08,
more (PA),5.0,Venda_De_Ingressos,2025-04-08,
Mobjoy,5.0,Videogames,2025-04-08,
Multiverse Network,5.0,Videogames,2025-04-08,
Pahca Games,5.0,Videogames,2025-04-08,
Black Dragon,5.0,Videogames,2025-04-08,
Expresso Marly,5.0,Venda_De_Ingressos,2025-04-08,
Azul,5.0,Venda_De_Ingressos,2025-04-08,
Agência Nacional de Telecomunicações,4.9,Governamental_Ou_Administracao_Publica,2025-04-08,
Instituto de Terras do Pará,4.9,Governamental_Ou_Administracao_Publica,2025-04-08,
Procuradoria-Geral do Estado de Goiás,4.9,Governamental_Ou_Administracao_Publica,2025-04-08,
Go Speedy Go,4.8,Aluguel_De_Produtos_Para_O_Consumidor,2025-04-08,
Polícia Penal,4.8,Governamental_Ou_Administracao_Publica,2025-04-08,
Trade Arena,4.8,Bolsa_De_Valores,2025-04-08,
XS,4.8,Bolsa_De_Valores,2025-04-08,
Clube do Valor,4.8,Bolsa_De_Valores,2025-04-08,
QVP Traduções,4.8,Traducao_E_Servicos_Linguisticos,2025-04-08,
Latina Seeds,4.7,Biotecnologia,2025-04-08,
Duarte,4.7,Leilões_E_Galerias,2025-04-08,
Vision Art,4.7,Fotografia,2025-04-08,
Pocket Option,4.7,Bolsa_De_Valores,2025-04-08,
Mobifácil,4.7,Venda_De_Ingressos,2025-04-08,
CISTRI,4.7,Servicos_De_Ambulancia_E_De_Transporte_Medico,2025-04-08,
Midnite,4.6,Jogos_De_Azar,2025-04-08,
Banco do Nordeste do Brasil,4.6,Gestao_De_Ativos_E_Investimentos,2025-04-08,
Execut Negócios Imobiliários,4.6,Agencias_Imobiliarias,2025-04-08,
HedgePoint Global Markets,4.6,Gestao_De_Ativos_E_Investimentos,2025-04-08,
BizCapital,4.6,Servicos_Bancarios_E_De_Credito,2025-04-08,
Atom Tickets,4.6,Venda_De_Ingressos,2025-04-08,
Pagaleve,4.6,Servicos_Bancarios_E_De_Credito,2025-04-08,
Viacredi Alto Vale,4.6,Servicos_Bancarios_E_De_Credito,2025-04-08,
Alfa Bank,4.6,Servicos_Bancarios_E_De_Credito,2025-04-08,
Execut Negócios Imobiliários,4.6,Atacado_E_Distribuicao,2025-04-08,
Campo Santo Parque das Flores,4.6,Viveiros_Agricolas,2025-04-08,
FFA,4.6,Pesca_E_Aquicultura,2025-04-08,
Norpel,4.6,Pesca_E_Aquicultura,2025-04-08,
Bilhares Arapoca,4.6,Aluguel_De_Produtos_Para_O_Consumidor,2025-04-08,
Layr,4.6,Aluguel_De_Produtos_Para_O_Consumidor,2025-04-08,
888 Spectate,4.5,Jogos_De_Azar,2025-04-08,
JPMorganChase,4.5,Servicos_Bancarios_E_De_Credito,2025-04-08,
Multiplike Gestora de Recursos,4.5,Gestao_De_Ativos_E_Investimentos,2025-04-08,
Eletronorte,4.5,Gestao_De_Ativos_E_Investimentos,2025-04-08,
BLUE3 Investimentos,4.5,Gestao_De_Ativos_E_Investimentos,2025-04-08,
Green Dynamix,4.4,Viveiros_Agricolas,2025-04-08,
Pink Farms,4.4,Pesca_E_Aquicultura,2025-04-08,
Copec,4.4,Pesca_E_Aquicultura,2025-04-08,
TOTVS,4.3,Tecnologia_Da_Informação,2025-04-08,
Google,4.3,Tecnologia_Da_Informação,2025-04-08,
Rakuten Kobo,4.3,Lojas_De_Artigos_De_Midia_E_Entretenimento,2025-04-08,
TRANSLIT,4.3,Traducao_E_Servicos_Linguisticos,2025-04-08,
Tomedes,4.3,Traducao_E_Servicos_Linguisticos,2025-04-08,
galeria.ag,4.2,Leilões_E_Galerias,2025-04-08,
iFood,4.2,Tecnologia_Da_Informação,2025-04-08,
Mercado Livre,4.2,Tecnologia_Da_Informação,2025-04-08,
Microsoft,4.2,Tecnologia_Da_Informação,2025-04-08,
Clear Source Translation,4.1,Traducao_E_Servicos_Linguisticos,2025-04-08,
Poplin,4.1,Lavanderia_E_Limpeza_A_Seco,2025-04-08,
Forth Jardim,4.0,Viveiros_Agricolas,2025-04-08,
Girbau (Spain),4.0,Lavanderia_E_Limpeza_A_Seco,2025-04-08,
Museu de Arte Contemporânea de Niterói,4.0,Leilões_E_Galerias,2025-04-08,
